12101001,A
12101002,A
12101003,D
12101004,A
12101005,A
12101006,A
12101007,B
12101008,A
12101009,A
12101010,B
12101011,C
22101012,F
22101013,F
22101014,F
22101015,T
22101016,F
22101017,T
22101018,F
22101019,F
12101020,B
12101021,C
12102001,C
12102002,B
12102003,A
12102004,B
12102005,D
12102006,C
22102007,F
22102008,T
22102009,F
22102010,F
12103001,B
12103002,B
12103003,D
12103004,C
12103005,A
12103006,D
22103007,F
22103008,F
22103009,F
22103010,T
22103011,T
12104001,C
12104002,B
12104003,C
12104004,A
12104005,C
12104006,B
12104007,C
12104008,C
22104009,F
22104010,T
22104011,F
12105001,D
12105002,A
12105003,D
12105004,A
12105005,A
12105006,B
12105007,D
12105008,C
12105009,A
12105010,B
12105011,B
12105012,D
12105013,B
12105014,C
22105015,F
22105016,T
22105017,T
12105018,A
12106001,D
12106002,B
22106003,F
22106004,T
22106005,F
22106006,F
22106007,F
22106008,F
12107001,A
12107002,A
12107003,C
12107004,D
12107005,D
12107006,D
12107007,C
12107008,D
12107009,C
12107010,D
12107011,C
12107012,C
22107013,T
22107014,F
22107015,F
12108001,B
12108002,B
12108003,C
12108004,D
12108005,B
12108006,D
12108007,B
12108008,C
12108009,C
22108010,F
22108011,F
22108012,F
12109001,C
12109002,C
12109003,A
12109004,B
12109005,C
12109006,A
12109007,C
12109008,A
12109009,A
12109010,B
12109011,C
12109012,D
12109013,B
12109014,A
12109015,A
12109016,A
12109017,B
12109018,B
12109019,D
12109020,D
12109021,A
12109022,D
12109023,A
12109024,C
12109025,D
12109026,A
12109027,C
22109028,F
22109029,F
22109030,F
22109031,F
22109032,T
22109033,F
22109034,F
12110001,B
12110002,D
12110003,D
12110004,C
12110005,D
12110006,B
12110007,A
12110008,D
12110009,D
12110010,D
12110011,C
12110012,A
12110013,C
12110014,C
12110015,C
12110016,B
12110017,C
12110018,B
12110019,C
12110020,C
12110021,B
12110022,A
12110023,A
12110024,B
12110025,D
22110026,T
22110027,F
22110028,T
22110029,F
22110030,F
22110031,T
22110032,F
22110033,T
22110034,F
22110035,T
22110036,F
12111001,B
12111002,A
12111003,D
12111004,C
12111005,B
12111006,A
12111007,D
12111008,A
12111009,A
12111010,C
12111011,A
12111012,C
12111013,D
12111014,A
12111015,A
12111016,A
22111017,F
22111018,F
22111019,T
22111020,T
22111021,F
22111022,F
22111023,F
12112001,A
12112002,B
12112003,C
12112004,A
12112005,B
12112006,D
12112007,D
12112008,C
12112009,A
12112010,B
12112011,C
12112012,B
12112013,C
12112014,C
12112015,D
12112016,C
12112017,A
12112018,D
12113001,B
12113002,A
12113003,D
12113004,D
12113005,B
12113006,B
12113007,A
12113008,C
12113009,A
12113010,B
12113011,B
12113012,D
12113013,C
22113014,F
22113015,T
22113016,T
22113017,T
22113018,F
22113019,F
12114001,D
12114002,D
12114003,B
12114004,B
12114005,D
12114006,D
12114007,D
12114008,B
12114009,D
12114010,B
22114011,T
22114012,T
22114013,T
22114014,T
22114015,T
12114016,C
12115001,A
12115002,B
12115003,A
12115004,B
12115005,B
12115006,B
12115007,D
12115008,D
12115009,D
12115010,B
12115011,B
12115012,C
12115013,B
12115014,C
12115015,C
12115016,A
12115017,B
12115018,C
12115019,C
12115020,C
12115021,D
12115022,D
12115023,D
12115024,C
12115025,D
12115026,B
12115027,C
12115028,D
12115029,B
12115030,C
12115031,D
12115032,D
12115033,A
12115034,A
12115035,B
12115036,D
12115037,B
12115038,A
12115039,B
12115040,A
12115041,B
12115042,C
12115043,D
12115044,B
12115045,C
12115046,A
12115047,F
12115048,F
12115049,T
12115050,T
12115051,F
12115052,T
12115053,T
12115054,T
12115055,D
12116001,C
12116002,D
12116003,B
12116004,D
12116005,D
12116006,B
12116007,C
12116008,B
12116009,D
12116010,A
12116011,C
12116012,B
12116013,D
12116014,C
12116015,A
12116016,C
12116017,B
12116018,B
12116019,D
12116020,A
12116021,D
12116022,B
12116023,C
12116024,B
12116025,C
12116026,B
12116027,A
12116028,B
12116029,D
12116030,B
12116031,D
22116032,F
22116033,F
22116034,F
12117001,A
12117002,D
12117003,C
12117004,A
12117005,B
12117006,C
12117007,C
12117008,D
12117009,D
12117010,D
12117011,A
12117012,D
12117013,A
12117014,C
12117015,A
12117016,D
12117017,C
12117018,B
12117019,C
12117020,D
12117021,C
12117022,C
12117023,B
12117024,B
12117025,C
12117026,D
12117027,C
12117028,D
12117029,B
12117030,D
12117031,C
12117032,C
22117033,T
22117034,T
22117035,T
22117036,F
12118001,B
12118002,D
12118003,B
12118004,B
12118005,C
12118006,A
12118007,A
12118008,A
12118009,D
12118010,B
12118011,A
12118012,D
12118013,B
12118014,C
12118015,B
12118016,A
12118017,D
12118018,A
12118019,B
12118020,A
12118021,D
12118022,C
12118023,C
12118024,C
12118025,B
22118026,T
22118027,F
22118028,F
22118029,F
12118030,A
12119001,B
12119002,D
12119003,B
12119004,A
12119005,A
12119006,B
12119007,C
12119008,C
12119009,A
12119010,B
12119011,D
12119012,D
12119013,C
22119014,T
22119015,F
22119016,F
22119017,F
12120001,C
12120002,B
12120003,A
12120004,C
12120005,B
12120006,A
12120007,D
12120008,A
12120009,A
12120010,B
12120011,C
12120012,D
12120013,A
12120014,C
12120015,A
12120016,A
12120017,C
12120018,D
12120019,B
12120020,D
12120021,B
12120022,D
12120023,B
12120024,A
12120025,C
12120026,B
12120027,A
12120028,B
12120029,D
12120030,A
12120031,D
12120032,D
12120033,B
12120034,D
12120035,D
12120036,A
12120037,C
12120038,A
12120039,B
12120040,B
12120041,C
12120042,C
12120043,D
12120044,D
12120045,D
12120046,D
12120047,A
12120048,D
12120049,C
12120050,A
12120051,B
12120052,C
12120053,D
12120054,A
12120055,D
12120056,A
12120057,B
12120058,C
12120059,D
12120060,A
12120061,C
12120062,D
12120063,B
12120064,D
12120065,B
12120066,C
12120067,D
12120068,D
12120069,B
12120070,B
12120071,C
12120072,D
12120073,B
22120074,F
22120075,T
22120076,F
22120077,F
22120078,F
12120079,A
12121001,C
12121002,A
12121003,B
12121004,A
12121005,D
12121006,C
12121007,A
12121008,C
12121009,D
12121010,C
12121011,D
12121012,C
12121013,C
12121014,A
12121015,A
12121016,D
22121017,T
22121018,F
22121019,F
22121020,F
22121021,F
22121022,F
12121023,D
12122001,B
12122002,C
12122003,C
12122004,B
12122005,A
12122006,B
12122007,B
12122008,B
12122009,D
12122010,B
12122011,A
12122012,C
12122013,D
12122014,B
12122015,C
12122016,C
12122017,B
12122018,C
12122019,A
12122020,C
12122021,C
22122022,F
22122023,F
22122024,T
22122025,T
22122026,T
22122027,F
22122028,T
22122029,F
12123001,D
12123002,C
12123003,D
12123004,B
12123005,A
12123006,A
12123007,C
12123008,D
12123009,D
12123010,C
12123011,B
12123012,A
12123013,C
12123014,D
12123015,D
12123016,A
12123017,D
12123018,B
12123019,A
12123020,D
22123021,F
22123022,F
22123023,F
22123024,T
22123025,F
22123026,F
22123027,F
12123028,C
12123029,D
12123030,D
12123031,C
12123032,B
12123033,A
12123034,C
12124001,A
12124002,A
12124003,B
12124004,D
12124005,A
12124006,B
12124007,C
12124008,D
12124009,A
12124010,D
12124011,D
12124012,C
12124013,B
12124014,A
12124015,A
12124016,D
12124017,A
12124018,C
12124019,D
12124020,C
12124021,A
12124022,D
12124023,D
12124024,B
12124025,A
12124026,D
12124027,D
12124028,D
12124029,A
12124030,C
12124031,C
12124032,B
12124033,B
12124034,C
12124035,D
22124036,F
22124037,T
22124038,T
22124039,T
22124040,T
22124041,T
22124042,F
22124043,T
22124044,T
22124045,F
22124046,T
22124047,T
22124048,T
22124049,F
22124050,T
22124051,F
22124052,F
22124053,F
22124054,F
12124055,A
22124056,T
12124057,B
22124058,T
12124059,D
12124060,D
12124061,B
22124062,F
12124063,C
12124064,A
12124065,C
12124066,B
12124067,A
12124068,D
12125001,C
12125002,B
12125003,D
12125004,A
12125005,C
12125006,C
12125007,B
12125008,C
12125009,B
12125010,D
12125011,C
12125012,B
22125013,F
22125014,F
12125015,C
12125016,B
12125017,A
12125018,B
12126001,B
12126002,B
12126003,C
12126004,C
12126005,A
12126006,A
12126007,B
12126008,D
12126009,A
12126010,C
12126011,C
12126012,C
12126013,C
12126014,C
12126015,B
12126016,B
12126017,B
22126018,F
22126019,T
22126020,T
22126021,T
22126022,F
12127001,A
12127002,C
12127003,A
12127004,C
12127005,B
12127006,D
12127007,C
22127008,T
12128001,C
12128002,A
12128003,A
12128004,A
12128005,C
12128006,C
12128007,B
12128008,C
12128009,A
12128010,C
12128011,D
12128012,B
12128013,B
12128014,B
12128015,A
12128016,C
12128017,B
12129001,A
12129002,B
12129003,B
12129004,C
12129005,C
22129006,T
22129007,T
22129008,F
22129009,F
22129010,F
12130001,D
12130002,A
12130003,A
12130004,B
12130005,D
12130006,C
12130007,B
12130008,B
12130009,B
12130010,B
12130011,B
12130012,C
12130013,D
22130014,F
22130015,T
22130016,F
22130017,T
22130018,F
22130019,F
12130020,B
12131001,B
12131002,A
12131003,B
12131004,D
12131005,A
12131006,B
12131007,C
12131008,C
12131009,D
12131010,D
12131011,D
12131012,C
12131013,D
12131014,C
12131015,A
12131016,D
12131017,A
12131018,A
12131019,A
22131020,T
22131021,T
22131022,T
22131023,T
22131024,T
22131025,T
22131026,T
22131027,T
22131028,T
22131029,F
22131030,F
22131031,F
12131032,A
22131033,F
22131034,F
22131035,F
12131036,A
12131037,B
12132001,D
12132002,B
22132003,F
22132004,T
22132005,T
22132006,F
12132007,C
12132008,C
22132009,T
22132010,F
12133001,B
12133002,C
12133003,A
12133004,B
12133005,C
12201001,D
12201002,B
12201003,B
12201004,A
12201005,B
12201006,A
12201007,B
12201008,D
12201009,A
12201010,B
12201011,A
12201012,B
12201013,A
12201014,C
12201015,C
12201016,D
12201017,C
12201018,C
12201019,A
12201020,A
12201021,C
22201022,T
22201023,F
22201024,T
12201025,B
12201026,D
12201027,C
12201028,D
22201029,T
22201030,F
22201031,T
22201032,F
22201033,F
22201034,T
22201035,F
22201036,F
22201037,F
22201038,F
22201039,T
22201040,T
12201041,B
12201042,D
12202001,C
12202002,D
12202003,D
12202004,B
12202005,A
12202006,B
12202007,B
12202008,B
12202009,C
22202010,T
22202011,F
22202012,F
22202013,F
12203001,A
12203002,B
12203003,C
12203004,C
12203005,A
12203006,A
12203007,A
12203008,B
12203009,B
12203010,B
12203011,C
12203012,A
12203013,A
12203014,C
12203015,B
12203016,C
12203017,B
12203018,A
12203019,B
12203020,A
12203021,A
12203022,C
12203023,A
12203024,A
12203025,B
12203026,A
12203027,A
12203028,C
12203029,C
12203030,D
12203031,C
12203032,B
12203033,C
12203034,D
12203035,C
12203036,D
12203037,A
12203038,D
12203039,D
12203040,A
12203041,D
12203042,A
12203043,B
12203044,A
12203045,C
12203046,B
12203047,C
12203048,B
12203049,A
12203050,D
12203051,B
12203052,A
12203053,A
12203054,D
12203055,B
12203056,C
22203057,T
22203058,T
22203059,T
22203060,F
22203061,F
12204001,B
12204002,A
12204003,B
12204004,C
12204005,C
12204006,B
12204007,A
12204008,A
12204009,B
12204010,A
12204011,B
12204012,B
12204013,C
12204014,D
12204015,C
12204016,D
12204017,A
12204018,D
12204019,D
12204020,A
12204021,A
12204022,A
12204023,C
12204024,A
12204025,B
12204026,D
12204027,D
12204028,C
12204029,C
12204030,D
12204031,B
12204032,C
12204033,A
12204034,D
12204035,C
12204036,A
12204037,C
12204038,A
12204039,B
12204040,A
12204041,B
12204042,A
12204043,D
12204044,C
12204045,C
12204046,A
22204047,T
22204048,F
22204049,T
22204050,F
22204051,T
22204052,T
22204053,F
22204054,T
22204055,F
22204056,T
22204057,F
22204058,F
22204059,F
22204060,F
22204061,F
22204062,F
22204063,F
12205001,B
12205002,D
12205003,D
12205004,C
12206005,C
12206006,B
12206007,D
12206008,A
12206009,B
22206010,F
22206011,T
12207001,D
12207002,D
12207003,C
12207004,A
12207005,A
12207006,C
12207007,A
22207008,T
22207009,T
12208001,D
12208002,C
12208003,C
12208004,C
12208005,B
12208006,A
12208007,A
12208008,C
12208009,C
12208010,D
12208011,A
12208012,A
12208013,A
12208014,D
12208015,D
22208016,T
22208017,T
22208018,T
22208019,F
22208020,F
12208021,B
12209001,D
12209002,D
12209003,B
12209004,A
12209005,C
12209006,C
12209007,C
12209008,D
12209009,C
12209010,A
12209011,C
12209012,D
12209013,A
12209014,A
12209015,C
12209016,D
12209017,C
12209018,D
12209019,C
12209020,D
12209021,A
12209022,D
12209023,D
22209024,F
22209025,F
22209026,F
22209027,F
22209028,F
22209029,F
22209030,F
22209031,F
22209032,T
22209033,F
22209034,T
22209035,F
22209036,T
12210001,B
12210002,B
12210003,C
12210004,B
12210005,B
12210006,A
22210007,T
22210008,F
22210009,T
22210010,T
22210011,F
22210012,F
22210013,T
12211001,C
12211002,D
12211003,A
12211004,C
12211005,C
12211006,B
12211007,C
12211008,C
12211009,B
12211010,D
22211011,F
12211012,A
12212001,D
12212002,D
12212003,B
12212004,C
12212005,D
12212006,B
12212007,B
12212008,C
12212009,D
22212010,T
22212011,T
22212012,T
12213001,B
12213002,B
12213003,A
12213004,A
12213005,B
12213006,D
12213007,C
12213008,B
12213009,B
12213010,D
12213011,D
12213012,B
12213013,B
12213014,B
12213015,B
12213016,C
12213017,A
12213018,C
12213019,A
12213020,C
12213021,C
12213022,C
12213023,A
12213024,C
12213025,D
22213026,T
22213027,F
22213028,F
22213029,T
22213030,F
22213031,T
22213032,F
22213033,T
22213034,T
22213035,F
22213036,T
22213037,T
12213038,B
12301001,D
12301002,D
12301003,B
12301004,D
12301005,D
12301006,B
12301007,D
12301008,D
12301009,D
12301010,D
12301011,A
12301012,B
12301013,A
12301014,D
12301015,D
12301016,A
12301017,D
12301018,D
12301019,A
12301020,A
12301021,B
12301022,D
12301023,D
12301024,C
12301025,C
12301026,B
12301027,D
12301028,D
12301029,B
12301030,B
12301031,C
12301032,A
12301033,D
12301034,B
12301035,B
12301036,B
12301037,A
12301038,D
12301039,D
12301040,B
12301041,A
12301042,C
12301043,B
12301044,D
12301045,B
12301046,C
12301047,C
12301048,A
12301049,B
12301050,B
12301051,A
12301052,C
12301053,A
12301054,C
12301055,D
12301056,A
12301057,C
12301058,B
12301059,C
12301060,A
12301061,B
12301062,D
12301063,A
12301064,B
22301065,T
22301066,F
22301067,T
22301068,T
22301069,F
22301070,T
22301071,T
22301072,F
12302001,D
12302002,A
12302003,A
12302004,A
12302005,A
12302006,B
12302007,C
22302008,T
12303001,B
12303002,A
12303003,C
12303004,C
12303005,D
22303006,F
22303007,T
12304001,B
12304002,D
12304003,A
12304004,D
12304005,C
22304006,T
12305001,A
12305002,C
12305003,C
12305004,D
12305005,A
12305006,C
12305007,B
12305008,B
12305009,C
12305010,A
12305011,A
12305012,B
12305013,D
12305014,A
12305015,B
12305016,B
12305017,D
12305018,D
22305019,T
22305020,F
22305021,T
12306001,D
12306002,D
12306003,C
12306004,B
12306005,D
22306006,T
12307001,C
12307002,B
12307003,C
12307004,C
12307005,D
12307006,D
12307007,B
12307008,A
12307009,C
22307010,F
22307011,T
22307012,T
22307013,T
22307014,T
22307015,T
22307016,F
22307017,T
22307018,T
12307019,D
12308001,D
12308002,A
12308003,D
22308004,T
22308005,T
22308006,T
12309001,D
12309002,D
12309003,C
12309004,D
12309005,C
12309006,A
12309007,A
22309008,F
12310001,A
12310002,D
12310003,C
12310004,D
12310005,D
12310006,C
12310007,A
12310008,C
12310009,C
12310010,D
12310011,A
12310012,D
12310013,A
12310014,C
12310015,C
12310016,B
12310017,C
12310018,B
22310019,T
22310020,F
22310021,F
22310022,T
22310023,F
22310024,F
22310025,T
22310026,F
12310027,D
12311001,D
12311002,B
12311003,B
12311004,A
12311005,A
12311006,D
12311007,C
12311008,A
12311009,B
12311010,C
12311011,A
12311012,C
12311013,B
12311014,B
12311015,A
12311016,B
12311017,A
12311018,C
12311019,C
12311020,B
12311021,D
12311022,C
12311023,A
22311024,F
22311025,T
12311026,C
12312001,A
12312002,D
12312003,B
12312004,D
12312005,A
12312006,A
12312007,C
12312008,B
12312009,C
12312010,D
22312011,T
12313001,D
12313002,A
12313003,D
12313004,A
12313005,A
12314001,D
12314002,C
12314003,D
12314004,C
12314005,B
12314006,B
22314007,F
22314008,F
22314009,T
12315001,D
12315002,D
12315003,D
12315004,B
12315005,A
12315006,C
12315007,C
12315008,A
12315009,D
12315010,B
12315011,B
12315012,A
12315013,D
12315014,B
12315015,A
12315016,C
12315017,A
12315018,C
12315019,B
22315020,T
22315021,F
12316001,A
12316002,C
12316003,A
12316004,C
12316005,D
12316006,C
12316007,A
12316008,D
12316009,B
12316010,A
12316011,B
12316012,D
12316013,A
12316014,D
12316015,A
12316016,B
12316017,A
12316018,C
12316019,B
12316020,A
12316021,D
12316022,C
22316023,F
22316024,T
22316025,T
22316026,F
22316027,T
22316028,T
22316029,T
22316030,F
22316031,T
22316032,T
22316033,F
22316034,F
22316035,F
22316036,T
22316037,F
22316038,T
22316039,F
22316040,F
22316041,T
22316042,F
22316043,T
22316044,F
12317001,B
12317002,D
12317003,D
12317004,D
12317005,D
12317006,C
12317007,B
12317008,C
12317009,B
12317010,C
22317011,F
12318001,A
12318002,B
12318003,A
12318004,D
12318005,A
12318006,C
12318007,B
22318008,T
22318009,F
22318010,T
22318011,F
12319001,A
12319002,D
12319003,D
22319004,F
22319005,T
22319006,T
22319007,F
12320001,B
12320002,D
12320003,D
12320004,B
12320005,C
12320006,D
12320007,D
12320008,A
12320009,C
12320010,D
12320011,B
12320012,C
12320013,D
12320014,B
12320015,B
12320016,D
12320017,B
12320018,C
12320019,C
12320020,C
12320021,A
12320022,B
12320023,B
12320024,A
12320025,D
12320026,C
22320027,F
22320028,F
22320029,T
22320030,F
22320031,F
22320032,F
22320033,F
22320034,F
12501001,C
12501002,A
12501003,C
12501004,B
12501005,C
12501006,C
12501007,C
12501008,D
12501009,D
12501010,B
12501011,C
12501012,C
12501013,A
12501014,B
12501015,C
12501016,C
12501017,D
12501018,D
12501019,A
12501020,C
12501021,B
12501022,C
12501023,C
12501024,C
12501025,A
12501026,D
12501027,D
12501028,D
12501029,D
12501030,A
12501031,A
12501032,D
12501033,D
12501034,D
12501035,D
12501036,B
12501037,C
12501038,C
12501039,C
12501040,B
12501041,C
12501042,B
12501043,B
12501044,C
12501045,B
12501046,B
12501047,B
12501048,A
12501049,D
12501050,D
12501051,A
12501052,C
12501053,B
12501054,A
12501055,D
12501056,D
12501057,C
12501058,D
12501059,A
12501060,B
12501061,B
12501062,B
12501063,B
12501064,B
12501065,A
12501066,B
12501067,A
12501068,B
12501069,A
12501070,B
12501071,C
12501072,D
12501073,D
12501074,D
12501075,C
12501076,B
12501077,C
12501078,D
12501079,A
12501080,A
12501081,C
12501082,D
12501083,D
22501084,T
22501085,F
22501086,F
22501087,T
22501088,T
22501089,T
12502001,B
12502002,B
12502003,C
12502004,B
12502005,A
22502006,F
22502007,F
22502008,F
12503001,B
12503002,D
12503003,B
12503004,A
12503005,C
12503006,B
12503007,B
12503008,D
12504001,D
12504002,A
12504003,A
12504004,C
12504005,C
12504006,D
12504007,A
12504008,A
12504009,B
12504010,B
12504011,D
12504012,D
12504013,C
12504014,A
12504015,A
12504016,B
12504017,C
12504018,B
12504019,C
12504020,B
22504021,T
22504022,F
12505001,B
12505002,C
12505003,B
12505004,B
12505005,A
12505006,C
12505007,A
12505008,D
12505009,C
12505010,D
12505011,D
12505012,C
12505013,D
12506001,A
12506002,B
12506003,A
12506004,B
12506005,A
12506006,D
12506007,D
12506008,A
12506009,B
12506010,A
12506011,C
12506012,B
12506013,A
12506014,B
12506015,B
12506016,B
12506017,B
12506018,B
12506019,C
12506020,A
12506021,D
12506022,B
12506023,D
12506024,A
12506025,B
12506026,C
12506027,D
22506028,T
12507001,B
12507002,B
12507003,B
12507004,D
12507005,B
12507006,C
12507007,C
12507008,C
12507009,B
12507010,B
12507011,A
12507012,C
12508001,C
12508002,A
12508003,C
12508004,B
12508005,C
12508006,D
12508007,D
12508008,B
12509001,D
12509002,C
12509003,D
12509004,C
12510001,A
12510002,C
12510003,A
12510004,A
12510005,B
12510006,B
12511001,B
12511002,C
12511003,C
12511004,D
12511005,B
12511006,B
12511007,C
12511008,B
12511009,B
22511010,T
12511011,D
12512001,A
12512002,B
12512003,B
12512004,A
12512005,B
12512006,A
12512007,C
12512008,A
12512009,A
12512010,A
12512011,C
12512012,D
12512013,C
12512014,A
12512015,D
12512016,D
12512017,C
12512018,B
12512019,D
22512020,T
22512021,T
22512022,T
22512023,T
12513001,A
12513002,C
12513003,B
12513004,A
12513005,C
12513006,D
12513007,C
12513008,C
12513009,A
12513010,D
12513011,D
12513012,A
12513013,B
12513014,C
12513015,D
12513016,B
12513017,A
12513018,C
12513019,B
12513020,C
12513021,D
12513022,C
12513023,B
12513024,T
12513025,F
12513026,T
12513027,C
12601001,C
12601002,A
12601003,D
12601004,A
12601005,C
12601006,D
12601007,A
12601008,B
12601009,D
12601010,A
12601011,B
12601012,C
12601013,D
12601014,C
12601015,D
12601016,B
12601017,D
12601018,C
12601019,A
12601020,D
12601021,A
12601022,D
12601023,A
12601024,A
12601025,A
12602001,C
12602002,A
12602003,B
12602004,C
12602005,D
12602006,C
12602007,C
12602008,D
12602009,B
12602010,A
22602011,F
22602012,F
22602013,T
22602014,T
22602015,T
12603001,A
12603002,C
12603003,C
12603004,D
12603005,A
12603006,A
12603007,D
12603008,D
12603009,D
12604001,A
12604002,D
12604003,B
12605001,A
12605002,C
12605003,C
12605004,D
12605005,A
12605006,C
12605007,B
12605008,B
12605009,C
12605010,A
12605011,A
12605012,B
12605013,D
12605014,A
12605015,B
12605016,B
12605017,D
12605018,D
22605019,T
22605020,F
12606001,D
12606002,B
12606003,D
12606004,D
12607001,C
12607002,B
12607003,C
12607004,C
12607005,D
12607006,D
12607007,B
12607008,A
12607009,C
22607010,F
22607011,T
22607012,T
22607013,F
22607014,T
12607015,A
12608001,D
12608002,A
12608003,D
12608004,D
12608005,D
22608006,T
12609001,C
12609002,D
12609003,D
12609004,C
12609005,B
12609006,D
12609007,D
12609008,D
12609009,D
12609010,D
12609011,A
22609012,F
22609013,T
22609014,F
22609015,T
22609001,T
12610002,B
12610003,C
12610004,D
12610005,D
12610006,B
12610007,D
12610008,B
12610009,A
12610010,D
12610011,C
12610012,C
22610013,T
22610014,T
22610015,T
22610016,T
22610017,F
12611001,D
12611002,B
12611003,B
12611004,A
12611005,B
12611006,A
12611007,D
12611008,D
12611009,B
12611010,C
22611011,T
12612001,D
12612002,B
12612003,C
12612004,D
12612005,A
12612006,B
12612007,D
22612008,T
12613001,A
12613002,B
12614001,B
12614002,D
12614003,D
12614004,B
12614005,C
12614006,D
12614007,D
12614008,A
12614009,A
12614010,D
12614011,C
12614012,D
12614013,B
12614014,D
12614015,C
12614016,D
12614017,B
12614018,C
12614019,A
12614020,B
22614021,F
22614022,F
22614023,F
22614024,T
22614025,F
22614026,T
22614027,T
22614028,F
22614029,F
22614030,F
12701001,C
12701002,D
12701003,A
22701004,F
22701005,F
22701006,T
22701007,T
12701008,C
12701009,A
12702001,A
12702002,A
12702003,B
12702004,D
22702005,F
22702006,F
22702007,T
22702008,T
12703001,C
12703002,B
12703003,A
22703004,T
22703005,T
22703006,F
22703007,T
12704001,C
12704002,D
12704003,C
12704004,C
22704005,T
22704006,F
22704007,T
22704008,F
12705001,D
12705002,D
12705003,B
22705004,T
22705005,F
22705006,F
22705001,T
12706002,A
12706003,A
12706004,D
12706005,C
22706006,F
22706007,T
22706008,F
22706009,F
12707001,C
12707002,D
12707003,A
12707004,C
22707005,F
22707006,F
22707007,T
22707008,T
12708001,C
12708002,C
12708003,D
22708004,F
22708005,T
22708006,T
22708007,T
12708008,C
12709001,C
12709002,A
12709003,D
12709004,D
12709005,C
12709006,A
12709007,C
12709008,D
12709009,A
12709010,A
12709011,B
12709012,B
12709013,C
12709014,B
12709015,C
12709016,B
12709017,B
12709018,C
12709019,B
12709020,D
12709021,C
12709022,C
12709023,C
12709024,B
12709025,A
12709026,A
12709027,D
12709028,C
12709029,A
12709030,D
12709031,C
12709032,D
12709033,C
12709034,B
12709035,B
12709036,D
12709037,C
12709038,C
12709039,A
12709040,B
12709041,B
12709042,A
12709043,A
12709044,A
12709045,A
12709046,A
12709047,D
12709048,D
12709049,D
12709050,B
12709051,B
12709052,B
12709053,B
12709054,D
12709055,A
12709056,C
12709057,D
12709058,A
12709059,A
12709060,D
12709061,C
12709062,A
12709063,D
12709064,D
12709065,B
12709066,C
12709067,C
12709068,B
12709069,B
12709070,A
12709071,D
12709072,A
12709073,A
12709074,B
12709075,C
12709076,C
12709077,C
12709078,D
12709079,A
12709080,D
12709081,B
12709082,D
12709083,A
12709084,B
12709085,A
12709086,A
12709087,B
12709088,B
12709089,B
22709090,T
22709091,F
22709092,F
22709093,F
22709094,T
22709095,F
22709096,T
22709097,F
22709098,T
22709099,F
22709100,F
22709101,F
22709102,T
22709103,T
22709104,T
22709105,F
22709106,F
22709107,F
22709108,T
22709109,T
22709110,F
22709111,F
22709112,F
22709113,T
22709114,F
22709115,T
22709116,T
22709117,F
22709118,F
22709119,F
22709120,T
22709121,T
22709122,F
22709123,F
22709124,T
22709125,F
22709126,F
22709127,F
22709128,T
22709129,T
22709130,F
22709131,F
22709132,T
22709133,T
22709134,F
22709135,F
22709136,F
22709137,T
22709138,T
22709139,T
22709140,F
22709141,T
22709142,T
22709143,F
22709144,T
22709145,F
22709146,T
22709147,F
22709148,F
22709149,F
22709150,T
22709151,F
22709152,T
22709153,F
22709154,F
22709155,T
22709156,T
22709157,T
22709158,F
22709159,F
22709160,T
22709161,F
22709162,T
22709163,T
22709164,F
22709165,F
22709166,F
22709167,T
22709168,F
22709169,T
22709170,F
22709171,F
22709172,T
22709173,F
22709174,F
22709175,T
12801176,B
12801001,A
12801002,A
12801003,D
22801004,F
22801005,T
22801006,F
22801007,F
22801008,T
22801009,T
22801010,F
12802001,A
12802002,C
12802003,C
12802004,A
12802005,B
12802006,B
12802007,A
12802008,A
22802009,F
22802010,T
22802011,T
22802012,F
12803001,D
12803002,A
12803003,C
12803004,A
12803005,B
12803006,A
12803007,C
12803008,C
22803009,F
22803010,T
22803011,T
22803012,F
12804001,B
12804002,A
12804003,C
12804004,A
12804005,B
12804006,B
12804007,A
12804008,D
12804009,A
22804010,T
22804011,F
22804012,F
22804013,T
12805001,D
12805002,A
12805003,A
12805004,B
12805005,C
12805006,C
12805007,D
12805008,D
22805009,F
22805010,T
22805011,F
22805012,F
12806001,A
12806002,D
12806003,B
12806004,B
12806005,C
12806006,B
12806007,B
12806008,B
22806009,F
22806010,F
22806011,F
22806012,T
12807001,C
12807002,C
12807003,B
12807004,A
12807005,B
12807006,B
12807007,B
12807008,C
22807009,T
22807010,F
22807011,T
22807012,F
12808001,A
12808002,A
12808003,C
12808004,D
12808005,A
12808006,D
12808007,B
12808008,B
12808009,B
12808010,A
12808011,D
12808012,D
12808013,C
12808014,B
12808015,A
12808016,B
12808017,C
12808018,A
12808019,B
12808020,D
12808021,C
12808022,C
12808023,B
12808024,B
12808025,B
12808026,C
12808027,B
12808028,C
12808029,D
12808030,C
12808031,C
12808032,B
12808033,D
12808034,D
12808035,D
12808036,C
12808037,A
12808038,C
12808039,B
12808040,A
12808041,C
12808042,B
12808043,B
12808044,A
12808045,B
12808046,D
12808047,C
12808048,A
12808049,D
12808050,B
12808051,D
12808052,D
12808053,D
12808054,A
12808055,A
12808056,B
12808057,D
12808058,A
12808059,B
12808060,D
12808061,B
12808062,A
12808063,B
12808064,C
12808065,B
12808066,A
12808067,A
12808068,C
12808069,D
12808070,C
12808071,A
12808072,B
12808073,D
12808074,D
12808075,B
12808076,B
12808077,A
12808078,C
12808079,B
12808080,B
12808081,B
12808082,C
12808083,D
12808084,D
12808085,C
12808086,B
12808087,D
12808088,C
12808089,B
12808090,D
12808091,C
12808092,D
12808093,D
12808094,D
12808095,B
12808096,D
12808097,C
12808098,C
12808099,A
12808100,B
12808101,B
12808102,C
12808103,D
12808104,C
12808105,C
12808106,D
12808107,B
12808108,B
12808109,C
12808110,B
12808111,B
12808112,B
12808113,A
12808114,D
12808115,A
12808116,B
12808117,D
12808118,B
12808119,D
12808120,C
12808121,B
12808122,C
12808123,D
12808124,B
12808125,D
12808126,D
12808127,B
12808128,D
12808129,C
12808130,A
12808131,B
12808132,B
12808133,D
12808134,B
12808135,D
12808136,D
12808137,B
12808138,C
12808139,C
12808140,A
12808141,B
12808142,A
12808143,D
12808144,D
12808145,D
12808146,A
12808147,D
12808148,B
12808149,C
12808150,C
12808151,B
12808152,B
12808153,A
12808154,B
12808155,A
12808156,C
12808157,A
12808158,B
12808159,C
22808160,F
22808161,F
22808162,F
22808163,T
22808164,F
22808165,T
22808166,T
22808167,T
22808168,F
22808169,T
22808170,T
22808171,T
22808172,T
22808173,T
22808174,T
22808175,F
22808176,F
22808177,T
22808178,F
22808179,F
22808180,F
22808181,F
22808182,T
22808183,F
22808184,F
22808185,T
22808186,F
22808187,F
22808188,F
22808189,T
22808190,T
22808191,F
22808192,T
22808193,F
22808194,T
22808195,F
22808196,T
22808197,F
22808198,T
22808199,F
22808200,F
22808201,F
22808202,T
22808203,F
22808204,T
22808205,F
22808206,F
22808207,T
22808208,F
22808209,F
22808210,F
22808211,F
22808212,T
22808213,T
22808214,F
22808215,T
22808216,F
22808217,F
22808218,F
22808219,F
22808220,T
22808221,T
22808222,F
22808223,T
22808224,F
22808225,T
22808226,T
22808227,T
22808228,T
22808229,F
22808230,T
22808231,F
22808232,F
22808233,T
22808234,T
22808235,F
22808236,T
22808237,T
22808238,F
22808239,F
22808240,F
22808241,T
22808242,T
22808243,F
22808244,F
22808245,T
22808246,T
22808247,F
22808248,T
22808249,F
22808250,T
22808251,T
12808252,A
12901001,C
12901002,C
12901003,D
12901004,B
12901005,C
22901006,F
22901007,F
12902001,B
12902002,C
12902003,B
12902004,C
12902005,C
12902006,D
22902007,F
22902008,F
22902009,F
12903001,B
12903002,D
12903003,A
12903004,B
12903005,A
22903006,T
22903007,T
22903008,T
22903009,T
22903010,F
22903011,F
12904001,B
12904002,C
12904003,A
12904004,B
22904005,F
22904006,T
22904007,F
12905001,B
12905002,A
12905003,A
22905004,F
22905005,F
22905006,T
22905007,F
12906001,D
12906002,A
12906003,D
12906004,D
12906005,D
22906006,T
22906007,F
12907001,A
12907002,D
12907003,A
12907004,D
12907005,D
12907006,C
12907007,B
22907008,T
12907009,C
12907010,A
12907011,C
22908001,F
22908002,F
12909001,D
12909002,B
12909003,A
12909004,C
12909005,D
12909006,B
12909007,A
12909008,C
22909009,F
22909010,F
22909011,F
12910001,D
12910002,C
12910003,B
12910004,A
12910005,C
22910006,F
22910007,F
22910008,F
12911001,A
12911002,C
12911003,A
12911004,C
12911005,A
12911006,C
12911007,D
12911008,C
12911009,C
12911010,C
12911011,B
12911012,C
12911013,B
12911014,C
12911015,A
12911016,C
12911017,D
12911018,B
12911019,B
12911020,B
12911021,D
12911022,D
12911023,C
12911024,D
12911025,D
12911026,A
12911027,A
12911028,D
12911029,D
12911030,B
12911031,A
12911032,B
12911033,C
12911034,B
12911035,D
12911036,A
12911037,B
12911038,C
12911039,C
12911040,A
12911041,A
12911042,B
12911043,B
12911044,C
12911045,C
12911046,C
12911047,A
12911048,D
12911049,A
12911050,B
12911051,C
12911052,C
12911053,B
12911054,A
12911055,C
12911056,D
12911057,A
12911058,B
12911059,D
12911060,A
12911061,A
12911062,B
12911063,B
12911064,A
12911065,A
12911066,C
12911067,B
12911068,D
12911069,C
12911070,C
12911071,D
12911072,C
12911073,A
12911074,B
12911075,D
12911076,D
12911077,C
12911078,A
12911079,C
12911080,A
12911081,D
12911082,A
12911083,B
12911084,A
12911085,C
12911086,D
12911087,C
12911088,C
12911089,D
12911090,A
12911091,C
12911092,C
12911093,C
12911094,D
12911095,C
12911096,D
12911097,C
12911098,A
12911099,A
12911100,D
12911101,C
12911102,D
12911103,D
12911104,B
12911105,C
12911106,D
12911107,C
12911108,C
12911109,A
12911110,B
12911111,D
12911112,A
12911113,A
12911114,D
12911115,A
12911116,A
12911117,D
12911118,B
12911119,B
12911120,C
12911121,C
12911122,A
12911123,B
12911124,A
12911125,D
12911126,D
12911127,C
12911128,B
12911129,C
12911130,B
12911131,A
12911132,D
12911133,B
12911134,B
12911135,C
12911136,A
12911137,A
12911138,B
12911139,C
12911140,B
12911141,B
12911142,C
12911143,A
12911144,D
12911145,B
12911146,B
12911147,C
12911148,D
12911149,A
12911150,D
12911151,C
12911152,B
12911153,C
12911154,D
12911155,B
12911156,B
12911157,C
12911158,C
12911159,A
12911160,D
12911161,D
12911162,C
12911163,D
12911164,C
12911165,C
12911166,B
12911167,C
22911168,F
22911169,F
22911170,T
22911171,T
22911172,F
22911173,F
22911174,T
22911175,F
22911176,F
22911177,F
22911178,T
22911179,F
22911180,T
22911181,T
22911182,T
22911183,F
22911184,T
22911185,F
22911186,T
22911187,T
22911188,F
22911189,F
22911190,T
22911191,F
22911192,F
22911193,T
22911194,T
22911195,F
22911196,T
22911197,F
22911198,T
22911199,F
22911200,T
22911201,F
22911202,T
22911203,T
22911204,T
22911205,F
22911206,F
22911207,F
22911208,T
22911209,F
22911210,F
22911211,T
22911212,T
22911213,T
22911214,F
22911215,T
22911216,F
22911217,F
22911218,F
22911219,F
22911220,T
22911221,F
22911222,T
22911223,F
22911224,F
22911225,T
22911226,F
22911227,T
22911228,F
22911229,T
22911230,T
22911231,T
22911232,F
22911233,T
22911234,T
22911235,F
22911236,T
22911237,F
22911238,F
22911239,T
22911240,F
13101001,B
13101002,C
13101003,A
13101004,A
13101005,B
13101006,A
13101007,A
13101008,A
13101009,A
13101010,A
13101011,B
13101012,A
13101013,A
13101014,A
13101015,B
13101016,A
13101017,B
13101018,A
13101019,D
13101020,B
13101021,A
13101022,D
13101023,D
13101024,B
13101025,A
13101026,B
13101027,B
13101028,B
13101029,D
13101030,D
13101031,A
13101032,B
13101033,B
13101034,D
13101035,B
13101036,C
13101037,A
13101038,C
13101039,B
13101040,A
13101041,A
13101042,C
13101043,A
13101044,D
13101045,C
13101046,A
13101047,D
13101048,B
13101049,C
13101050,D
13101051,B
13101052,D
13101053,C
13101054,D
13101055,B
13101056,A
13101057,D
13101058,B
13101059,D
13101060,B
13101061,C
13101062,D
13101063,D
13101064,B
13101065,A
13101066,B
13101067,C
13101068,B
13101069,C
13101070,A
13101071,A
13101072,C
13101073,C
13101074,A
13101075,T
13101076,C
13101077,A
13101078,B
13101079,A
13101080,B
13101081,C
13101082,C
13101083,B
13101084,A
13101085,A
13101086,A
13101087,B
13101088,A
13101089,D
13101090,A
13101091,A
13101092,A
13101093,A
13101094,D
13101095,A
13101096,B
13101097,D
13101098,C
13101099,C
13101100,A
13101101,D
13101102,D
13101103,C
13101104,B
13101105,A
13101106,A
13101107,A
23101108,T
23101109,T
13101110,B
13101111,C
13101112,A
23101113,T
23101114,T
13101115,D
13101116,C
23101117,T
23101118,F
13101119,D
13101120,C
13101121,D
13101122,A
13101123,B
13101124,B
13101125,B
13101126,C
13101127,A
13101128,B
13101129,B
13101130,A
13101131,B
13101132,A
13101133,D
13101134,C
13101135,C
13101136,B
13101137,A
13101138,D
13101139,B
13101140,D
13101141,D
23101142,F
13101143,A
23101144,F
13101145,D
23101146,F
13101147,B
13101148,B
13101149,B
13101150,B
13101151,D
13101152,B
13101153,A
13101154,A
13101155,C
23101156,F
13101157,A
23101158,T
13101159,B
13101160,A
13101161,A
13101162,C
13101163,B
13101164,B
13101165,B
13101166,C
13101167,A
13101168,A
23101169,T
13101170,C
13101171,A
13101172,B
23101173,T
13101174,D
13101175,A
13101176,D
13101177,D
13101178,B
13101179,A
13101180,A
13101181,D
13101182,C
13101183,A
13101184,A
13101185,D
13101186,C
23101187,F
13101188,C
13101189,D
13101190,C
13101191,A
13101192,A
13101193,A
13101194,B
23101195,T
13101196,D
13101197,A
13101198,C
13101199,C
13101200,A
23101201,F
13101202,A
23101203,F
23101204,F
13101205,C
13101206,C
13101207,C
13101208,D
13101209,A
23101210,T
13101211,A
23101212,F
13101213,A
13101214,D
13101215,D
13101216,D
13101217,B
13101218,A
13101219,A
13101220,B
13101221,D
13101222,D
13101223,B
13101224,B
13101225,B
13101226,D
23101227,F
13101228,B
13101229,D
13101230,B
13101231,D
13101232,C
13101233,C
13101234,C
13101235,C
13101236,D
13101237,B
13101238,A
13101239,C
13101240,B
13101241,C
13101242,D
23101243,F
13101244,B
13101245,A
13101246,A
23101247,T
13101248,A
13101249,B
23101250,F
13101251,C
13101252,A
13101253,A
13101254,D
13101255,A
13101256,C
13101257,D
13101258,A
13101259,D
13101260,A
13101261,B
13101262,B
13101263,A
13101264,D
13101265,C
13101266,A
13101267,A
13101268,C
13101269,A
13101270,A
13101271,B
23101272,F
13101273,B
13101274,D
13101275,B
13101276,A
13101277,B
13101278,B
13101279,B
13101280,C
13101281,A
13201001,D
23201002,F
13201003,A
23201004,T
13201005,B
13201006,A
13201007,A
13201008,B
13201009,C
13201010,C
23201011,T
13201012,B
13201013,C
13201014,D
13201015,C
13201016,D
13201017,D
13201018,C
13201019,B
13201020,B
13201021,C
13201022,C
13201023,D
13201024,B
13201025,C
13201026,A
13201027,D
13201028,C
13201029,A
13201030,C
13201031,B
13201032,B
13201033,C
13201034,C
13201035,C
13201036,B
13201037,C
23201038,T
23201039,T
23201040,T
23201041,F
23201042,F
23201043,F
23201044,F
23201045,T
23201046,T
23201047,T
23201048,T
23201049,T
23201050,F
23201051,F
23201052,F
13201053,D
13202054,A
13202055,D
13202056,C
13202057,B
13202058,A
13202059,B
13202060,C
13202061,A
13202062,C
13202063,A
13202064,D
13202065,B
13202066,A
13202067,D
13202068,B
13202069,D
13202070,C
13202071,D
13202072,C
13202073,B
13202074,D
13202075,D
13202076,D
13202077,C
13202078,B
13202079,C
13202080,C
13202081,D
13202082,C
13202083,B
23202084,T
23202085,F
23202086,F
23202087,T
23202088,F
23202089,F
23202090,T
23202091,T
23202092,F
23202093,T
13202094,D
13202095,B
13202096,D
13202097,A
13202098,A
13202099,D
13202100,C
13202101,C
13202102,A
13202103,B
13202104,D
13202105,A
13202106,D
13202107,D
23202108,T
13202109,C
23202110,F
13202111,B
23202112,F
13202113,C
13202114,B
13202115,A
23202116,T
13202117,B
13202118,A
13202119,C
13202120,D
13202121,B
13202122,B